{
  "treeID": "oP4dIr",
  "blackboard": {
    "Agent": {
      "type": "WorldObject",
      "value": "BstNode_1961992190"
    },
    "NearbyPlayer": {
      "type": "WorldObject",
      "value": "BstNode_0"
    },
    "TimelineOfferSeat": {
      "type": "WorldObject",
      "value": "BstNode_2044741541"
    },
    "TeaShopMarker": {
      "type": "WorldObject",
      "value": "BstNode_2029531647"
    },
    "TimelineCookFood": {
      "type": "WorldObject",
      "value": "BstNode_1999763134"
    },
    "HintClump": {
      "type": "WorldObject",
      "value": "BstNode_1654835195"
    },
    "TradeMarker": {
      "type": "WorldObject",
      "value": "BstNode_402282900"
    },
    "TradeClump": {
      "type": "WorldObject",
      "value": "BstNode_1975078363"
    },
    "HeldObject": {
      "type": "WorldObject",
      "value": "BstNode_0"
    }
  },
  "root": {
    "type": "BT_Selector",
    "instanceID": "vqIVZy",
    "position": [
      56.0,
      -1336.0
    ],
    "children": [
      {
        "type": "BT_Sequence",
        "instanceID": "fG3OJr",
        "position": [
          -312.0,
          -1208.0
        ],
        "children": [
          {
            "type": "BT_Action_FindNearestPlayer",
            "instanceID": "SLzsn0",
            "position": [
              -616.0,
              -1080.0
            ],
            "properties": {
              "outputKeyStr": "NearbyPlayer"
            }
          },
          {
            "type": "BT_Condition_ObjectNearby",
            "instanceID": "PhrFNB",
            "position": [
              -312.0,
              -1080.0
            ],
            "properties": {
              "objectKeyStr": "NearbyPlayer",
              "range": 3.0
            }
          },
          {
            "type": "BT_Selector",
            "instanceID": "DoXDWa",
            "position": [
              56.0,
              -1000.0
            ],
            "children": [
              {
                "type": "BT_Monitor",
                "instanceID": "LFOnCv",
                "position": [
                  -536.0,
                  -856.0
                ],
                "properties": {
                  "failurePolicy": 0,
                  "successPolicy": 1
                },
                "children": [
                  {
                    "type": "BT_Condition_ObjectNearby",
                    "instanceID": "XIg9Ki",
                    "position": [
                      -776.0,
                      -696.0
                    ],
                    "properties": {
                      "objectKeyStr": "NearbyPlayer",
                      "range": 6.0
                    }
                  },
                  {
                    "type": "BT_Selector",
                    "instanceID": "Djcml0",
                    "position": [
                      -248.0,
                      -680.0
                    ],
                    "children": [
                      {
                        "type": "BT_Sequence",
                        "instanceID": "RIdSNY",
                        "position": [
                          -472.0,
                          -568.0
                        ],
                        "children": [
                          {
                            "type": "BT_Action_GetHeldObject",
                            "instanceID": "PRfs9U",
                            "position": [
                              -1032.0,
                              -456.0
                            ],
                            "properties": {
                              "avatarKeyStr": "NearbyPlayer",
                              "outputKeyStr": "HeldObject"
                            }
                          },
                          {
                            "type": "BT_Decorator_IsPlaceableToken",
                            "instanceID": "jfjB3H",
                            "position": [
                              -760.0,
                              -360.0
                            ],
                            "properties": {
                              "objectKeyStr": "HeldObject"
                            },
                            "children": [
                              {
                                "type": "BT_Sequence",
                                "instanceID": "WkpMIx",
                                "position": [
                                  -760.0,
                                  -260.0
                                ],
                                "children": [
                                  {
                                    "type": "BT_Action_EnableObject",
                                    "instanceID": "twJIqv",
                                    "position": [
                                      -1135.0,
                                      -180.0
                                    ],
                                    "properties": {
                                      "enabled": true,
                                      "objectKeyStr": "TradeClump"
                                    }
                                  },
                                  {
                                    "type": "BT_Action_ObserveObject",
                                    "instanceID": "gcmezd",
                                    "position": [
                                      -888.0,
                                      -152.0
                                    ],
                                    "properties": {
                                      "objectKeyStr": "TradeMarker",
                                      "observePolicy": 0
                                    }
                                  },
                                  {
                                    "type": "BT_Action_TerminatePlaceable",
                                    "instanceID": "81gKUQ",
                                    "position": [
                                      -632.0,
                                      -152.0
                                    ],
                                    "properties": {
                                      "placeableKeyStr": "HeldObject"
                                    }
                                  },
                                  {
                                    "type": "BT_Action_EnableObject",
                                    "instanceID": "2b2yTu",
                                    "position": [
                                      -385.0,
                                      -180.0
                                    ],
                                    "properties": {
                                      "enabled": false,
                                      "objectKeyStr": "TradeClump"
                                    }
                                  }
                                ]
                              }
                            ]
                          },
                          {
                            "type": "BT_Sequence",
                            "instanceID": "WkpMIx",
                            "position": [
                              -72.0,
                              -456.0
                            ],
                            "children": [
                              {
                                "type": "BT_Action_RunTimeline",
                                "instanceID": "XAMyGQ",
                                "position": [
                                  -322.0,
                                  -376.0
                                ],
                                "properties": {
                                  "timelineKeyStr": "TimelineOfferSeat",
                                  "timelinePolicy": 0
                                }
                              },
                              {
                                "type": "BT_Action_ObserveObject",
                                "instanceID": "1WpTzd",
                                "position": [
                                  -72.0,
                                  -376.0
                                ],
                                "properties": {
                                  "objectKeyStr": "TeaShopMarker",
                                  "observePolicy": 0
                                }
                              },
                              {
                                "type": "BT_Action_RunTimeline",
                                "instanceID": "fLhhYo",
                                "position": [
                                  178.0,
                                  -376.0
                                ],
                                "properties": {
                                  "timelineKeyStr": "TimelineCookFood",
                                  "timelinePolicy": 0
                                }
                              }
                            ]
                          }
                        ]
                      }
                    ]
                  }
                ]
              },
              {
                "type": "BT_Decorator_ForceStatus",
                "instanceID": "E0NKF6",
                "position": [
                  424.0,
                  -872.0
                ],
                "properties": {
                  "forceSuccess": false
                },
                "children": [
                  {
                    "type": "BT_Sequence",
                    "instanceID": "iE9gnZ",
                    "position": [
                      424.0,
                      -760.0
                    ],
                    "children": [
                      {
                        "type": "BT_Action_EnableObject",
                        "instanceID": "0OKjbH",
                        "position": [
                          184.0,
                          -664.0
                        ],
                        "properties": {
                          "enabled": false,
                          "objectKeyStr": "HintClump"
                        }
                      },
                      {
                        "type": "BT_Action_EnableObject",
                        "instanceID": "aUuUvt",
                        "position": [
                          424.0,
                          -664.0
                        ],
                        "properties": {
                          "enabled": false,
                          "objectKeyStr": "TradeClump"
                        }
                      },
                      {
                        "type": "BT_Action_EnableObject",
                        "instanceID": "NZyxCr",
                        "position": [
                          680.0,
                          -664.0
                        ],
                        "properties": {
                          "enabled": false,
                          "objectKeyStr": "TradeMarker"
                        }
                      }
                    ]
                  }
                ]
              }
            ]
          }
        ]
      },
      {
        "type": "BT_Action_Idle",
        "instanceID": "tHD9U6",
        "position": [
          232.0,
          -1160.0
        ]
      }
    ]
  }
}