[
    {
        "group_id": 1703109576,
        "group_name": "howtoplay_basics",
        "page_number": 1,
        "scale": 9,
        "title_id": "howtoplay_basics_0_title",
        "type": "paragraph",
        "x": 0,
        "y": 12
    },
    {
        "group_id": 1703109576,
        "group_name": "howtoplay_basics",
        "page_number": 1,
        "scale": 9,
        "text_id1": "howtoplay_basics_1_explore",
        "title_id": "howtoplay_basics_1_explore_title",
        "type": "paragraph",
        "x": 0,
        "y": 10
    },
    {
        "group_id": 1703109576,
        "group_name": "howtoplay_basics",
        "name": "UITutorialUnravelMystery",
        "page_number": 1,
        "scale": 11,
        "type": "image",
        "x": 6,
        "y": 4
    },
    {
        "group_id": 1703109576,
        "group_name": "howtoplay_basics",
        "page_number": 2,
        "scale": 9,
        "text_id1": "howtoplay_basics_2_spirits",
        "title_id": "howtoplay_basics_2_spirits_title",
        "type": "paragraph",
        "x": 0,
        "y": 4
    },
    {
        "group_id": 1703109576,
        "group_name": "howtoplay_basics",
        "name": "UITutorialSaveSpirits",
        "page_number": 2,
        "scale": 11,
        "type": "image",
        "x": 6,
        "y": 8
    },
    {
        "group_id": 1703109576,
        "group_name": "howtoplay_basics",
        "page_number": 3,
        "scale": 9,
        "text_id1": "howtoplay_basics_3_friends",
        "title_id": "howtoplay_basics_3_friends_title",
        "type": "paragraph",
        "x": 0,
        "y": 10
    },
    {
        "group_id": 1703109576,
        "group_name": "howtoplay_basics",
        "name": "UITutorialAscendFriendship",
        "page_number": 3,
        "scale": 11,
        "type": "image",
        "x": 6,
        "y": 4
    },
    {
        "group_id": 1703109576,
        "group_name": "howtoplay_basics",
        "page_number": 4,
        "scale": 9,
        "text_id1": "howtoplay_basics_4_gates",
        "title_id": "howtoplay_basics_4_gates_title",
        "type": "paragraph",
        "x": 0,
        "y": 4
    },
    {
        "group_id": 1703109576,
        "group_name": "howtoplay_basics",
        "name": "UITutorialUnlockGates",
        "page_number": 4,
        "scale": 11,
        "type": "image",
        "x": 6,
        "y": 8
    },
    {
        "group_id": 1703109576,
        "group_name": "howtoplay_basics",
        "page_number": 5,
        "scale": 9,
        "text_id1": "howtoplay_basics_5_flight",
        "title_id": "howtoplay_basics_5_flight_title",
        "type": "paragraph",
        "x": 0,
        "y": 10
    },
    {
        "group_id": 1703109576,
        "group_name": "howtoplay_basics",
        "name": "UITutorialFlyHigher",
        "page_number": 5,
        "scale": 11,
        "type": "image",
        "x": 6,
        "y": 4
    },
    {
        "group_id": 1703109576,
        "group_name": "howtoplay_basics",
        "page_number": 6,
        "scale": 9,
        "text_id1": "howtoplay_basics_6_storm",
        "title_id": "howtoplay_basics_6_storm_title",
        "type": "paragraph",
        "x": 0,
        "y": 4
    },
    {
        "group_id": 1703109576,
        "group_name": "howtoplay_basics",
        "name": "UITutorialAscendToStorm",
        "page_number": 6,
        "scale": 11,
        "type": "image",
        "x": 6,
        "y": 8
    },
    {
        "group_id": 75526759,
        "group_name": "howtoplay_shop",
        "page_number": 1,
        "scale": 9,
        "text_id1": "howtoplay_shop_0_title",
        "title_id": "",
        "type": "paragraph",
        "x": 0,
        "y": 12
    },
    {
        "group_id": 75526759,
        "group_name": "howtoplay_shop",
        "page_number": 1,
        "scale": 9,
        "text_id1": "howtoplay_shop_1_spirits",
        "title_id": "howtoplay_shop_1_spirits_title",
        "type": "paragraph",
        "x": 0,
        "y": 10
    },
    {
        "group_id": 75526759,
        "group_name": "howtoplay_shop",
        "name": "UITutorialFindAll",
        "page_number": 1,
        "scale": 11,
        "type": "image",
        "x": 6,
        "y": 4
    },
    {
        "group_id": 75526759,
        "group_name": "howtoplay_shop",
        "page_number": 2,
        "scale": 9,
        "text_id1": "howtoplay_shop_2_heal",
        "title_id": "howtoplay_shop_2_heal_title",
        "type": "paragraph",
        "x": 0,
        "y": 4
    },
    {
        "group_id": 75526759,
        "group_name": "howtoplay_shop",
        "name": "UITutorialHeal",
        "page_number": 2,
        "scale": 11,
        "type": "image",
        "x": 6,
        "y": 8
    },
    {
        "group_id": 75526759,
        "group_name": "howtoplay_shop",
        "page_number": 3,
        "scale": 9,
        "text_id1": "howtoplay_shop_3_express",
        "title_id": "howtoplay_shop_3_express_title",
        "type": "paragraph",
        "x": 0,
        "y": 10
    },
    {
        "group_id": 75526759,
        "group_name": "howtoplay_shop",
        "name": "UITutorialExpressYourself",
        "page_number": 3,
        "scale": 11,
        "type": "image",
        "x": 6,
        "y": 4
    },
    {
        "group_id": 75526759,
        "group_name": "howtoplay_shop",
        "page_number": 4,
        "scale": 9,
        "text_id1": "howtoplay_shop_4_ascend",
        "title_id": "howtoplay_shop_4_ascend_title",
        "type": "paragraph",
        "x": 0,
        "y": 5
    },
    {
        "group_id": 75526759,
        "group_name": "howtoplay_shop",
        "name": "UITutorialAscendFriendship",
        "page_number": 4,
        "scale": 11,
        "type": "image",
        "x": 6,
        "y": 8
    },
    {
        "group_id": 75526759,
        "group_name": "howtoplay_shop",
        "page_number": 5,
        "scale": 9,
        "text_id1": "howtoplay_shop_5_expressions",
        "title_id": "howtoplay_shop_5_expressions_title",
        "type": "paragraph",
        "x": 0,
        "y": 10
    },
    {
        "group_id": 75526759,
        "group_name": "howtoplay_shop",
        "name": "UITutorialEnhanceExpressions",
        "page_number": 5,
        "scale": 11,
        "type": "image",
        "x": 6,
        "y": 4
    },
    {
        "group_id": 75526759,
        "group_name": "howtoplay_shop",
        "page_number": 6,
        "scale": 9,
        "text_id1": "howtoplay_shop_6_blessing",
        "title_id": "howtoplay_shop_6_blessing_title",
        "type": "paragraph",
        "x": 0,
        "y": 4
    },
    {
        "group_id": 75526759,
        "group_name": "howtoplay_shop",
        "name": "UITutorialReceiveBlessing",
        "page_number": 6,
        "scale": 11,
        "type": "image",
        "x": 6,
        "y": 8
    },
    {
        "group_id": 75526759,
        "group_name": "howtoplay_shop",
        "page_number": 7,
        "scale": 9,
        "text_id1": "howtoplay_shop_7_constellation",
        "title_id": "howtoplay_shop_7_constellation_title",
        "type": "paragraph",
        "x": 0,
        "y": 10
    },
    {
        "group_id": 75526759,
        "group_name": "howtoplay_shop",
        "name": "UITutorialCompleteConstellation",
        "page_number": 7,
        "scale": 11,
        "type": "image",
        "x": 6,
        "y": 4
    },
    {
        "group_id": 1919344165,
        "group_name": "howtoplay_friendship",
        "page_number": 1,
        "scale": 9,
        "text_id1": "howtoplay_friendship_0_title",
        "title_id": "",
        "type": "paragraph",
        "x": 0,
        "y": 12
    },
    {
        "group_id": 1919344165,
        "group_name": "howtoplay_friendship",
        "page_number": 1,
        "scale": 9,
        "text_id1": "howtoplay_friendship_1_together",
        "title_id": "howtoplay_friendship_1_together_title",
        "type": "paragraph",
        "x": 0,
        "y": 10
    },
    {
        "group_id": 1919344165,
        "group_name": "howtoplay_friendship",
        "name": "UITutorialBetterTogether",
        "page_number": 1,
        "scale": 11,
        "type": "image",
        "x": 6,
        "y": 4
    },
    {
        "group_id": 1919344165,
        "group_name": "howtoplay_friendship",
        "page_number": 2,
        "scale": 9,
        "text_id1": "howtoplay_friendship_2_grow",
        "title_id": "howtoplay_friendship_2_grow_title",
        "type": "paragraph",
        "x": 0,
        "y": 4
    },
    {
        "group_id": 1919344165,
        "group_name": "howtoplay_friendship",
        "name": "UITutorialGrowCloser",
        "page_number": 2,
        "scale": 11,
        "type": "image",
        "x": 6,
        "y": 8
    },
    {
        "group_id": 1919344165,
        "group_name": "howtoplay_friendship",
        "page_number": 3,
        "scale": 9,
        "text_id1": "howtoplay_friendship_3_constellation",
        "title_id": "howtoplay_friendship_3_constellation_title",
        "type": "paragraph",
        "x": 0,
        "y": 10
    },
    {
        "group_id": 1919344165,
        "group_name": "howtoplay_friendship",
        "name": "UITutorialStayInTouch",
        "page_number": 3,
        "scale": 11,
        "type": "image",
        "x": 6,
        "y": 4
    },
    {
        "group_id": 1919344165,
        "group_name": "howtoplay_friendship",
        "page_number": 4,
        "scale": 9,
        "text_id1": "howtoplay_friendship_4_hearts",
        "title_id": "howtoplay_friendship_4_hearts_title",
        "type": "paragraph",
        "x": 0,
        "y": 4
    },
    {
        "group_id": 1919344165,
        "group_name": "howtoplay_friendship",
        "name": "UITutorialShowAppreciation",
        "page_number": 4,
        "scale": 11,
        "type": "image",
        "x": 6,
        "y": 8
    },
    {
        "group_id": 1919344165,
        "group_name": "howtoplay_friendship",
        "page_number": 5,
        "scale": 9,
        "text_id1": "howtoplay_friendship_6_penpal",
        "title_id": "howtoplay_friendship_6_penpal_title",
        "type": "paragraph",
        "x": 0,
        "y": 10
    },
    {
        "group_id": 1919344165,
        "group_name": "howtoplay_friendship",
        "name": "UITutorialPenpal",
        "page_number": 5,
        "scale": 11,
        "type": "image",
        "x": 6,
        "y": 4
    },
    {
        "group_id": 1919344165,
        "group_name": "howtoplay_friendship",
        "page_number": 6,
        "scale": 9,
        "text_id1": "howtoplay_friendship_5_outfits",
        "title_id": "howtoplay_friendship_5_outfits_title",
        "type": "paragraph",
        "x": 0,
        "y": 4
    },
    {
        "group_id": 1919344165,
        "group_name": "howtoplay_friendship",
        "name": "UITutorialExpressYourself",
        "page_number": 6,
        "scale": 11,
        "type": "image",
        "x": 6,
        "y": 8
    },
    {
        "group_id": 2185431407,
        "group_name": "howtoplay_closet",
        "page_number": 1,
        "scale": 9,
        "text_id1": "howtoplay_closet_0_title",
        "title_id": "",
        "type": "paragraph",
        "x": 0,
        "y": 12
    },
    {
        "group_id": 2185431407,
        "group_name": "howtoplay_closet",
        "page_number": 1,
        "scale": 9,
        "text_id1": "howtoplay_closet_1_spirits",
        "title_id": "howtoplay_closet_1_spirits_title",
        "type": "paragraph",
        "x": 0,
        "y": 10
    },
    {
        "group_id": 2185431407,
        "group_name": "howtoplay_closet",
        "name": "UITutorialDressUp2",
        "page_number": 1,
        "scale": 11,
        "type": "image",
        "x": 6,
        "y": 4
    },
    {
        "group_id": 2185431407,
        "group_name": "howtoplay_closet",
        "page_number": 2,
        "scale": 9,
        "text_id1": "howtoplay_closet_2_hearts",
        "title_id": "howtoplay_closet_2_hearts_title",
        "type": "paragraph",
        "x": 0,
        "y": 4
    },
    {
        "group_id": 2185431407,
        "group_name": "howtoplay_closet",
        "name": "UITutorialOfferHearts",
        "page_number": 2,
        "scale": 11,
        "type": "image",
        "x": 6,
        "y": 8
    },
    {
        "group_id": 2185431407,
        "group_name": "howtoplay_closet",
        "page_number": 3,
        "scale": 9,
        "text_id1": "howtoplay_closet_1_dressup",
        "title_id": "howtoplay_closet_1_dressup_title",
        "type": "paragraph",
        "x": 0,
        "y": 10
    },
    {
        "group_id": 2185431407,
        "group_name": "howtoplay_closet",
        "name": "UITutorialFindSpirits",
        "page_number": 3,
        "scale": 11,
        "type": "image",
        "x": 6,
        "y": 4
    },
    {
        "group_id": 2185431407,
        "group_name": "howtoplay_closet",
        "page_number": 4,
        "scale": 9,
        "text_id1": "howtoplay_closet_2_adventure",
        "title_id": "howtoplay_closet_2_adventure_title",
        "type": "paragraph",
        "x": 0,
        "y": 4
    },
    {
        "group_id": 2185431407,
        "group_name": "howtoplay_closet",
        "name": "UITutorialAdventureAwaits",
        "page_number": 4,
        "scale": 11,
        "type": "image",
        "x": 6,
        "y": 8
    },
    {
        "group_id": 2185431407,
        "group_name": "howtoplay_closet",
        "page_number": 5,
        "scale": 9,
        "text_id1": "howtoplay_closet_3_seasons",
        "title_id": "howtoplay_closet_3_seasons_title",
        "type": "paragraph",
        "x": 0,
        "y": 10
    },
    {
        "group_id": 2185431407,
        "group_name": "howtoplay_closet",
        "name": "{{Seasons::pass_promo_2}}",
        "page_number": 5,
        "scale": 11,
        "type": "image",
        "x": 6,
        "y": 4
    },
    {
        "group_id": 2185431407,
        "group_name": "howtoplay_closet",
        "page_number": 6,
        "scale": 9,
        "text_id1": "howtoplay_closet_4_instruments",
        "title_id": "howtoplay_closet_4_instruments_title",
        "type": "paragraph",
        "x": 0,
        "y": 4
    },
    {
        "group_id": 2185431407,
        "group_name": "howtoplay_closet",
        "name": "UITutorialPerformTogether",
        "page_number": 6,
        "scale": 11,
        "type": "image",
        "x": 6,
        "y": 8
    },
    {
        "group_id": 515113288,
        "group_name": "howtoplay_currency",
        "page_number": 1,
        "scale": 9,
        "text_id1": "howtoplay_currencies_0_title",
        "title_id": "",
        "type": "paragraph",
        "x": 0,
        "y": 12
    },
    {
        "group_id": 515113288,
        "group_name": "howtoplay_currency",
        "page_number": 1,
        "scale": 9,
        "text_id1": "howtoplay_currencies_1_candles",
        "title_id": "howtoplay_currencies_1_candles_title",
        "type": "paragraph",
        "x": 0,
        "y": 10
    },
    {
        "group_id": 515113288,
        "group_name": "howtoplay_currency",
        "name": "UiMenuHeartCandle",
        "page_number": 1,
        "scale": 3,
        "type": "image",
        "x": 6,
        "y": 4
    },
    {
        "group_id": 515113288,
        "group_name": "howtoplay_currency",
        "name": "UIShopButtonCircle3",
        "page_number": 1,
        "scale": 6,
        "type": "image",
        "x": 6,
        "y": 4
    },
    {
        "group_id": 515113288,
        "group_name": "howtoplay_currency",
        "page_number": 2,
        "scale": 9,
        "text_id1": "howtoplay_currencies_2_hearts",
        "title_id": "howtoplay_currencies_2_hearts_title",
        "type": "paragraph",
        "x": 0,
        "y": 4
    },
    {
        "group_id": 515113288,
        "group_name": "howtoplay_currency",
        "name": "UiMiscHeart",
        "page_number": 2,
        "scale": 3,
        "type": "image",
        "x": 6,
        "y": 8
    },
    {
        "group_id": 515113288,
        "group_name": "howtoplay_currency",
        "name": "UIShopButtonCircle3",
        "page_number": 2,
        "scale": 6,
        "type": "image",
        "x": 6,
        "y": 8
    },
    {
        "group_id": 515113288,
        "group_name": "howtoplay_currency",
        "page_number": 3,
        "scale": 9,
        "text_id1": "howtoplay_currencies_3_ascended",
        "title_id": "howtoplay_currencies_3_ascended_title",
        "type": "paragraph",
        "x": 0,
        "y": 10
    },
    {
        "group_id": 515113288,
        "group_name": "howtoplay_currency",
        "name": "UiMenuPrestigeCandle",
        "page_number": 3,
        "scale": 3,
        "type": "image",
        "x": 6,
        "y": 4
    },
    {
        "group_id": 515113288,
        "group_name": "howtoplay_currency",
        "name": "UIShopButtonCircle3",
        "page_number": 3,
        "scale": 6,
        "type": "image",
        "x": 6,
        "y": 4
    },
    {
        "group_id": 515113288,
        "group_name": "howtoplay_currency",
        "page_number": 4,
        "scale": 9,
        "text_id1": "howtoplay_currencies_4_season",
        "title_id": "howtoplay_currencies_4_season_title",
        "type": "paragraph",
        "x": 0,
        "y": 4
    },
    {
        "group_id": 515113288,
        "group_name": "howtoplay_currency",
        "name": "{{Seasons::candle_icon_name}}",
        "page_number": 4,
        "scale": 3,
        "type": "image",
        "x": 6,
        "y": 8
    },
    {
        "group_id": 515113288,
        "group_name": "howtoplay_currency",
        "name": "UIShopButtonCircle3",
        "page_number": 4,
        "scale": 6,
        "type": "image",
        "x": 6,
        "y": 8
    },
    {
        "group_id": 515113288,
        "group_name": "howtoplay_currency",
        "page_number": 5,
        "scale": 9,
        "text_id1": "howtoplay_currencies_5_sheart",
        "title_id": "howtoplay_currencies_5_sheart_title",
        "type": "paragraph",
        "x": 0,
        "y": 10
    },
    {
        "group_id": 515113288,
        "group_name": "howtoplay_currency",
        "name": "{{Seasons::heart_icon_name}}",
        "page_number": 5,
        "scale": 3,
        "type": "image",
        "x": 6,
        "y": 4
    },
    {
        "group_id": 515113288,
        "group_name": "howtoplay_currency",
        "name": "UIShopButtonCircle3",
        "page_number": 5,
        "scale": 6,
        "type": "image",
        "x": 6,
        "y": 4
    },
    {
        "group_id": 589933221,
        "group_name": "howtoplay_chat",
        "page_number": 1,
        "scale": 9,
        "text_id1": "howtoplay_friendship_1_together",
        "title_id": "howtoplay_friendship_1_together_title",
        "type": "paragraph",
        "x": 0,
        "y": 6
    },
    {
        "group_id": 1579140284,
        "group_name": "howtoplay_storm",
        "page_number": 1,
        "scale": 9,
        "text_id1": "howtoplay_friendship_1_together",
        "title_id": "howtoplay_friendship_1_together_title",
        "type": "paragraph",
        "x": 0,
        "y": 6
    },
    {
        "group_id": 2076320569,
        "group_name": "howtoplay_orbitshop",
        "page_number": 1,
        "scale": 9,
        "text_id1": "howtoplay_orbitshop_0_title",
        "title_id": "",
        "type": "paragraph",
        "x": 0,
        "y": 12
    },
    {
        "group_id": 2076320569,
        "group_name": "howtoplay_orbitshop",
        "page_number": 1,
        "scale": 9,
        "text_id1": "howtoplay_currencies_3_ascended",
        "title_id": "howtoplay_currencies_3_ascended_title",
        "type": "paragraph",
        "x": 0,
        "y": 5
    },
    {
        "group_id": 2076320569,
        "group_name": "howtoplay_orbitshop",
        "name": "UiMenuPrestigeCandle",
        "page_number": 1,
        "scale": 3,
        "type": "image",
        "x": 6,
        "y": 7
    },
    {
        "group_id": 2076320569,
        "group_name": "howtoplay_orbitshop",
        "page_number": 2,
        "scale": 9,
        "text_id1": "howtoplay_shop_4_ascend",
        "title_id": "howtoplay_shop_4_ascend_title",
        "type": "paragraph",
        "x": 0,
        "y": 5
    },
    {
        "group_id": 2076320569,
        "group_name": "howtoplay_orbitshop",
        "name": "UITutorialAscendFriendship",
        "page_number": 2,
        "scale": 9,
        "type": "image",
        "x": 6,
        "y": 8
    },
    {
        "group_id": 2076320569,
        "group_name": "howtoplay_orbitshop",
        "page_number": 3,
        "scale": 9,
        "text_id1": "intro_end_01",
        "title_id": "",
        "type": "paragraph",
        "x": 0,
        "y": 5
    },
    {
        "group_id": 2076320569,
        "group_name": "howtoplay_orbitshop",
        "name": "UiMenuWingLockOpen",
        "page_number": 3,
        "scale": 3,
        "type": "image",
        "x": 3,
        "y": 7
    },
    {
        "group_id": 2076320569,
        "group_name": "howtoplay_orbitshop",
        "name": "UiMenuWingBuff",
        "page_number": 3,
        "scale": 3,
        "type": "image",
        "x": 9,
        "y": 7
    },
    {
        "group_id": 1542366054,
        "group_name": "howtoplay_meta",
        "page_number": 1,
        "scale": 9,
        "text_id1": "howtoplay_meta_0_title",
        "title_id": "",
        "type": "paragraph",
        "x": 0,
        "y": 12
    },
    {
        "group_id": 1542366054,
        "group_name": "howtoplay_meta",
        "page_number": 1,
        "scale": 9,
        "text_id1": "howtoplay_currencies_3_ascended",
        "title_id": "howtoplay_currencies_3_ascended_title",
        "type": "paragraph",
        "x": 0,
        "y": 5
    },
    {
        "group_id": 1542366054,
        "group_name": "howtoplay_meta",
        "name": "UiMenuPrestigeCandle",
        "page_number": 1,
        "scale": 3,
        "type": "image",
        "x": 6,
        "y": 7
    },
    {
        "group_id": 1542366054,
        "group_name": "howtoplay_meta",
        "page_number": 2,
        "scale": 9,
        "text_id1": "howtoplay_shop_4_ascend",
        "title_id": "howtoplay_shop_4_ascend_title",
        "type": "paragraph",
        "x": 0,
        "y": 5
    },
    {
        "group_id": 1542366054,
        "group_name": "howtoplay_meta",
        "name": "UITutorialAscendFriendship",
        "page_number": 2,
        "scale": 9,
        "type": "image",
        "x": 6,
        "y": 8
    },
    {
        "group_id": 1542366054,
        "group_name": "howtoplay_meta",
        "page_number": 3,
        "scale": 9,
        "text_id1": "intro_end_01",
        "title_id": "",
        "type": "paragraph",
        "x": 0,
        "y": 5
    },
    {
        "group_id": 1542366054,
        "group_name": "howtoplay_meta",
        "name": "UiMenuWingLockOpen",
        "page_number": 3,
        "scale": 3,
        "type": "image",
        "x": 3,
        "y": 7
    },
    {
        "group_id": 1542366054,
        "group_name": "howtoplay_meta",
        "name": "UiMenuWingBuff",
        "page_number": 3,
        "scale": 3,
        "type": "image",
        "x": 9,
        "y": 7
    },
    {
        "group_id": 1542366054,
        "group_name": "howtoplay_meta",
        "page_number": 4,
        "scale": 9,
        "text_id1": "howtoplay_shop_7_constellation",
        "title_id": "howtoplay_shop_7_constellation_title",
        "type": "paragraph",
        "x": 0,
        "y": 5
    },
    {
        "group_id": 1542366054,
        "group_name": "howtoplay_meta",
        "name": "UITutorialCompleteConstellation",
        "page_number": 4,
        "scale": 9,
        "type": "image",
        "x": 6,
        "y": 8
    },
    {
        "group_id": 2753312847,
        "group_name": "retail_demo_end_screen",
        "name": "UILogo",
        "page_number": 1,
        "scale": 9,
        "type": "image",
        "x": 6,
        "y": 7
    },
    {
        "group_id": 2753312847,
        "group_name": "retail_demo_end_screen",
        "page_number": 2,
        "scale": 9,
        "title_id": "retail_demo_explore_with_friends",
        "type": "paragraph",
        "x": 0,
        "y": 10
    },
    {
        "group_id": 2753312847,
        "group_name": "retail_demo_end_screen",
        "name": "UITutorialBetterTogether",
        "page_number": 2,
        "scale": 9,
        "type": "image",
        "x": 6,
        "y": 4
    },
    {
        "group_id": 2753312847,
        "group_name": "retail_demo_end_screen",
        "page_number": 3,
        "scale": 9,
        "title_id": "retail_demo_encounter_the_mysteries",
        "type": "paragraph",
        "x": 0,
        "y": 3
    },
    {
        "group_id": 2753312847,
        "group_name": "retail_demo_end_screen",
        "name": "UITutorialCompleteConstellation",
        "page_number": 3,
        "scale": 9,
        "type": "image",
        "x": 6,
        "y": 8
    },
    {
        "group_id": 2753312847,
        "group_name": "retail_demo_end_screen",
        "page_number": 4,
        "scale": 9,
        "title_id": "retail_demo_earn_collectibles",
        "type": "paragraph",
        "x": 0,
        "y": 10
    },
    {
        "group_id": 2753312847,
        "group_name": "retail_demo_end_screen",
        "name": "{{Seasons::pass_promo_2}}",
        "page_number": 4,
        "scale": 9,
        "type": "image",
        "x": 6,
        "y": 4
    },
    {
        "group_id": 4035051685,
        "group_name": "howtoplay_revisit_npc",
        "page_number": 1,
        "scale": 9,
        "text_id1": "howtoplay_revisit_npc_1",
        "title_id": "howtoplay_revisit_npc_1_title",
        "type": "paragraph",
        "x": 0,
        "y": 5
    },
    {
        "group_id": 4035051685,
        "group_name": "howtoplay_revisit_npc",
        "name": "UITutorialFindAll",
        "page_number": 1,
        "scale": 9,
        "type": "image",
        "x": 6,
        "y": 8
    },
    {
        "group_id": 4035051685,
        "group_name": "howtoplay_revisit_npc",
        "page_number": 2,
        "scale": 9,
        "text_id1": "howtoplay_revisit_npc_2",
        "title_id": "",
        "type": "paragraph",
        "x": 0,
        "y": 9
    },
    {
        "group_id": 4035051685,
        "group_name": "howtoplay_revisit_npc",
        "name": "UITutorialHeal",
        "page_number": 2,
        "scale": 9,
        "type": "image",
        "x": 6,
        "y": 4
    },
    {
        "group_id": 4035051685,
        "group_name": "howtoplay_revisit_npc",
        "page_number": 3,
        "scale": 9,
        "text_id1": "howtoplay_revisit_npc_3",
        "title_id": "",
        "type": "paragraph",
        "x": 0,
        "y": 5
    },
    {
        "group_id": 4035051685,
        "group_name": "howtoplay_revisit_npc",
        "name": "UITutorialAscendFriendship",
        "page_number": 3,
        "scale": 9,
        "type": "image",
        "x": 6,
        "y": 8
    },
    {
        "group_id": 4035051685,
        "group_name": "howtoplay_revisit_npc",
        "page_number": 4,
        "scale": 9,
        "text_id1": "howtoplay_revisit_npc_4",
        "title_id": "",
        "type": "paragraph",
        "x": 0,
        "y": 9
    },
    {
        "group_id": 4035051685,
        "group_name": "howtoplay_revisit_npc",
        "name": "UITutorialReceiveBlessing",
        "page_number": 4,
        "scale": 9,
        "type": "image",
        "x": 6,
        "y": 4
    },
    {
        "group_id": 4035051685,
        "group_name": "howtoplay_revisit_npc",
        "page_number": 5,
        "scale": 9,
        "text_id1": "howtoplay_revisit_npc_5",
        "title_id": "",
        "type": "paragraph",
        "x": 0,
        "y": 5
    },
    {
        "group_id": 4035051685,
        "group_name": "howtoplay_revisit_npc",
        "name": "UITutorialFindSpirits",
        "page_number": 5,
        "scale": 9,
        "type": "image",
        "x": 6,
        "y": 8
    },
    {
        "arg": true,
        "event_name": "",
        "group_id": 4035051685,
        "group_name": "howtoplay_revisit_npc",
        "icon_name": "UiMenuRewind",
        "page_number": 1,
        "scale": 9,
        "type": "event_time_counter",
        "x": 1,
        "y": 1
    },
    {
        "group_id": 411690234,
        "group_name": "ap_preorder",
        "page_number": 1,
        "scale": 9,
        "text_id1": "season_pass_preorder_info_desc",
        "text_id2": "season_pass_preorder_info_item_desc",
        "text_id3": "{{Seasons::pendant_name}}",
        "text_id4": "season_pass_info_item_mask",
        "text_id5": "season_pass_info_item_daily_candle",
        "text_id6": "season_pass_preorder_info_item_candles",
        "title_id": "season_pass_preorder_info_title",
        "type": "paragraph",
        "x": 0,
        "y": 12
    },
    {
        "arg": false,
        "event_name": "{{Seasons::name}}",
        "group_id": 411690234,
        "group_name": "ap_preorder",
        "icon_name": "{{Seasons::icon_name}}",
        "page_number": 1,
        "scale": 9,
        "type": "event_time_counter",
        "x": 1,
        "y": 1
    },
    {
        "group_id": 411690234,
        "group_name": "ap_preorder",
        "name": "{{Seasons::pass_preorder_promo}}",
        "page_number": 2,
        "scale": 12,
        "type": "image",
        "x": 6,
        "y": 8
    },
    {
        "event_arg": "",
        "event_name": "",
        "group_id": 411690234,
        "group_name": "ap_preorder",
        "page_number": 2,
        "scale": 9,
        "type": "ap_purchase_button",
        "x": 0,
        "y": 3
    },
    {
        "group_id": 411690234,
        "group_name": "ap_preorder",
        "name": "{{Seasons::pass_promo_5}}",
        "page_number": 3,
        "scale": 11,
        "type": "image",
        "x": 6,
        "y": 8
    },
    {
        "group_id": 411690234,
        "group_name": "ap_preorder",
        "page_number": 3,
        "scale": 9,
        "text_id1": "season_pass_info_tutorial_shop_1",
        "title_id": "",
        "type": "paragraph",
        "x": 0,
        "y": 5
    },
    {
        "group_id": 411690234,
        "group_name": "ap_preorder",
        "name": "{{Seasons::pass_promo_4}}",
        "page_number": 4,
        "scale": 11,
        "type": "image",
        "x": 6,
        "y": 8
    },
    {
        "group_id": 411690234,
        "group_name": "ap_preorder",
        "page_number": 4,
        "scale": 9,
        "text_id1": "season_pass_info_tutorial_shop_2",
        "title_id": "",
        "type": "paragraph",
        "x": 0,
        "y": 5
    },
    {
        "group_id": 411690234,
        "group_name": "ap_preorder",
        "name": "{{Seasons::pass_promo}}",
        "page_number": 5,
        "scale": 11,
        "type": "image",
        "x": 6,
        "y": 8
    },
    {
        "group_id": 411690234,
        "group_name": "ap_preorder",
        "page_number": 5,
        "scale": 9,
        "text_id1": "season_pass_info_tutorial_shop_3",
        "title_id": "",
        "type": "paragraph",
        "x": 0,
        "y": 5
    },
    {
        "group_id": 411690234,
        "group_name": "ap_preorder",
        "name": "UITutorialVisitingSpirits",
        "page_number": 6,
        "scale": 11,
        "type": "image",
        "x": 6,
        "y": 8
    },
    {
        "group_id": 411690234,
        "group_name": "ap_preorder",
        "page_number": 6,
        "scale": 9,
        "text_id1": "season_pass_info_tutorial_shop_5",
        "title_id": "",
        "type": "paragraph",
        "x": 0,
        "y": 5
    },
    {
        "group_id": 411690234,
        "group_name": "ap_preorder",
        "name": "{{Seasons::pass_promo_3}}",
        "page_number": 7,
        "scale": 11,
        "type": "image",
        "x": 6,
        "y": 8
    },
    {
        "group_id": 411690234,
        "group_name": "ap_preorder",
        "page_number": 7,
        "scale": 9,
        "text_id1": "season_pass_info_tutorial_shop_4",
        "title_id": "",
        "type": "paragraph",
        "x": 0,
        "y": 5
    },
    {
        "group_id": 411690234,
        "group_name": "ap_preorder",
        "icon_name": "{{Seasons::icon_name}}",
        "localized_text": "season_pass_info_faq",
        "page_number": 7,
        "scale": 9,
        "type": "link",
        "url": "a/sky-children-of-the-light/?s=seasons",
        "x": 1,
        "y": 1
    },
    {
        "group_id": 3001712913,
        "group_name": "ap_promo_test",
        "page_number": 1,
        "scale": 9,
        "text_id1": "season_pass_info_desc_xx1",
        "text_id2": "{{Seasons::constellation}}",
        "text_id3": "{{Seasons::pendant_name}}",
        "text_id4": "season_pass_info_item_candles",
        "text_id5": "season_pass_info_item_daily_candle",
        "text_id6": "season_pass_info_item_mask",
        "title_id": "season_pass_info_title",
        "type": "paragraph",
        "x": 0,
        "y": 11
    },
    {
        "arg": true,
        "event_name": "{{Seasons::name}}",
        "group_id": 3001712913,
        "group_name": "ap_promo_test",
        "icon_name": "{{Seasons::icon_name}}",
        "page_number": 1,
        "scale": 9,
        "type": "event_time_counter",
        "x": 1,
        "y": 1
    },
    {
        "group_id": 3001712913,
        "group_name": "ap_promo_test",
        "name": "{{Seasons::pass_promo}}",
        "page_number": 2,
        "scale": 12,
        "type": "image",
        "x": 6,
        "y": 8
    },
    {
        "event_arg": "",
        "event_name": "",
        "group_id": 3001712913,
        "group_name": "ap_promo_test",
        "page_number": 2,
        "scale": 9,
        "type": "ap_purchase_button",
        "x": 0,
        "y": 3
    },
    {
        "group_id": 3001712913,
        "group_name": "ap_promo_test",
        "name": "UITutorialFindSpirits2",
        "page_number": 3,
        "scale": 11,
        "type": "image",
        "x": 6,
        "y": 8
    },
    {
        "group_id": 3001712913,
        "group_name": "ap_promo_test",
        "page_number": 3,
        "scale": 9,
        "text_id1": "season_pass_info_tutorial_shop_1",
        "title_id": "",
        "type": "paragraph",
        "x": 0,
        "y": 4
    },
    {
        "group_id": 3001712913,
        "group_name": "ap_promo_test",
        "name": "UITutorialVariousForms",
        "page_number": 4,
        "scale": 11,
        "type": "image",
        "x": 6,
        "y": 8
    },
    {
        "group_id": 3001712913,
        "group_name": "ap_promo_test",
        "page_number": 4,
        "scale": 9,
        "text_id1": "season_pass_info_tutorial_shop_7",
        "title_id": "",
        "type": "paragraph",
        "x": 0,
        "y": 4
    },
    {
        "group_id": 3001712913,
        "group_name": "ap_promo_test",
        "name": "UITutorialRequirePass",
        "page_number": 5,
        "scale": 11,
        "type": "image",
        "x": 6,
        "y": 8
    },
    {
        "group_id": 3001712913,
        "group_name": "ap_promo_test",
        "page_number": 5,
        "scale": 9,
        "text_id1": "season_pass_info_tutorial_shop_2",
        "title_id": "",
        "type": "paragraph",
        "x": 0,
        "y": 4
    },
    {
        "group_id": 3001712913,
        "group_name": "ap_promo_test",
        "name": "UITutorialPreview",
        "page_number": 6,
        "scale": 11,
        "type": "image",
        "x": 6,
        "y": 8
    },
    {
        "group_id": 3001712913,
        "group_name": "ap_promo_test",
        "page_number": 6,
        "scale": 9,
        "text_id1": "season_pass_info_tutorial_shop_3",
        "title_id": "",
        "type": "paragraph",
        "x": 0,
        "y": 4
    },
    {
        "group_id": 3001712913,
        "group_name": "ap_promo_test",
        "name": "UITutorialVisitingSpirits",
        "page_number": 7,
        "scale": 11,
        "type": "image",
        "x": 6,
        "y": 8
    },
    {
        "group_id": 3001712913,
        "group_name": "ap_promo_test",
        "page_number": 7,
        "scale": 9,
        "text_id1": "season_pass_info_tutorial_shop_4",
        "title_id": "",
        "type": "paragraph",
        "x": 0,
        "y": 4
    },
    {
        "group_id": 3001712913,
        "group_name": "ap_promo_test",
        "name": "UITutorialUnlockRewards",
        "page_number": 8,
        "scale": 11,
        "type": "image",
        "x": 6,
        "y": 8
    },
    {
        "group_id": 3001712913,
        "group_name": "ap_promo_test",
        "page_number": 8,
        "scale": 9,
        "text_id1": "season_pass_info_tutorial_shop_5",
        "title_id": "",
        "type": "paragraph",
        "x": 0,
        "y": 4
    },
    {
        "group_id": 3001712913,
        "group_name": "ap_promo_test",
        "name": "UISeasonPassPromo3AP",
        "page_number": 9,
        "scale": 11,
        "type": "image",
        "x": 6,
        "y": 8
    },
    {
        "group_id": 3001712913,
        "group_name": "ap_promo_test",
        "page_number": 9,
        "scale": 9,
        "text_id1": "season_pass_info_tutorial_shop_6",
        "title_id": "",
        "type": "paragraph",
        "x": 0,
        "y": 4
    },
    {
        "group_id": 3001712913,
        "group_name": "ap_promo_test",
        "icon_name": "{{Seasons::icon_name}}",
        "localized_text": "season_pass_info_faq",
        "page_number": 9,
        "scale": 9,
        "type": "link",
        "url": "a/sky-children-of-the-light/?s=seasons",
        "x": 1,
        "y": 1
    },
    {
        "group_id": 713482205,
        "group_name": "howtoplay_generic_shop",
        "name": "UiOutfitPendantAP06",
        "page_number": 1,
        "scale": 6,
        "type": "image",
        "x": 6,
        "y": 8
    },
    {
        "group_id": 713482205,
        "group_name": "howtoplay_generic_shop",
        "page_number": 2,
        "scale": 9,
        "text_id1": "howtoplay_generic_shop_title",
        "title_id": "howtoplay_generic_shop_1",
        "type": "paragraph",
        "x": 0,
        "y": 5
    },
    {
        "group_id": 713482205,
        "group_name": "howtoplay_generic_shop",
        "name": "UISeasonPassPreoderPromoAP06",
        "page_number": 3,
        "scale": 9,
        "type": "image",
        "x": 6,
        "y": 8
    },
    {
        "group_id": 1953407107,
        "group_name": "howtoplay_shared_space",
        "page_number": 1,
        "scale": 9,
        "text_id1": "howtoplay_sharedspaces_0_title",
        "title_id": "",
        "type": "paragraph",
        "x": 0,
        "y": 12
    },
    {
        "group_id": 1953407107,
        "group_name": "howtoplay_shared_space",
        "page_number": 1,
        "scale": 9,
        "text_id1": "howtoplay_sharedspaces_1_intro",
        "title_id": "howtoplay_sharedspaces_1_intro_title",
        "type": "paragraph",
        "x": 0,
        "y": 10
    },
    {
        "group_id": 1953407107,
        "group_name": "howtoplay_shared_space",
        "name": "UISharedSpacesShareMagic",
        "page_number": 1,
        "scale": 11,
        "type": "image",
        "x": 6,
        "y": 4
    },
    {
        "group_id": 1953407107,
        "group_name": "howtoplay_shared_space",
        "page_number": 2,
        "scale": 9,
        "text_id1": "howtoplay_sharedspaces_2_explore",
        "title_id": "howtoplay_sharedspaces_2_explore_title",
        "type": "paragraph",
        "x": 0,
        "y": 4
    },
    {
        "group_id": 1953407107,
        "group_name": "howtoplay_shared_space",
        "name": "UISharedSpacesExploreWorld",
        "page_number": 2,
        "scale": 11,
        "type": "image",
        "x": 6,
        "y": 8
    },
    {
        "group_id": 1953407107,
        "group_name": "howtoplay_shared_space",
        "page_number": 3,
        "scale": 9,
        "text_id1": "howtoplay_sharedspaces_3_props",
        "title_id": "howtoplay_sharedspaces_3_props_title",
        "type": "paragraph",
        "x": 0,
        "y": 10
    },
    {
        "group_id": 1953407107,
        "group_name": "howtoplay_shared_space",
        "name": "UISharedSpacesUniqueItems",
        "page_number": 3,
        "scale": 11,
        "type": "image",
        "x": 6,
        "y": 4
    },
    {
        "group_id": 1953407107,
        "group_name": "howtoplay_shared_space",
        "page_number": 4,
        "scale": 9,
        "text_id1": "howtoplay_sharedspaces_4_usage",
        "title_id": "howtoplay_sharedspaces_4_usage_title",
        "type": "paragraph",
        "x": 0,
        "y": 4
    },
    {
        "group_id": 1953407107,
        "group_name": "howtoplay_shared_space",
        "name": "UISharedSpacesBeCreative",
        "page_number": 4,
        "scale": 11,
        "type": "image",
        "x": 6,
        "y": 8
    },
    {
        "group_id": 1953407107,
        "group_name": "howtoplay_shared_space",
        "page_number": 5,
        "scale": 9,
        "title_id": "howtoplay_sharedspaces_5_tutorial_1",
        "type": "paragraph",
        "x": 0,
        "y": 10
    },
    {
        "group_id": 1953407107,
        "group_name": "howtoplay_shared_space",
        "name": "UISharedSpacesShareTutorial1",
        "page_number": 5,
        "scale": 11,
        "type": "image",
        "x": 6,
        "y": 4
    },
    {
        "group_id": 1953407107,
        "group_name": "howtoplay_shared_space",
        "page_number": 6,
        "scale": 9,
        "title_id": "howtoplay_sharedspaces_5_tutorial_2",
        "type": "paragraph",
        "x": 0,
        "y": 4
    },
    {
        "group_id": 1953407107,
        "group_name": "howtoplay_shared_space",
        "name": "UISharedSpacesShareTutorial2",
        "page_number": 6,
        "scale": 11,
        "type": "image",
        "x": 6,
        "y": 8
    },
    {
        "group_id": 1953407107,
        "group_name": "howtoplay_shared_space",
        "page_number": 7,
        "scale": 9,
        "title_id": "howtoplay_sharedspaces_5_tutorial_3",
        "type": "paragraph",
        "x": 0,
        "y": 10
    },
    {
        "group_id": 1953407107,
        "group_name": "howtoplay_shared_space",
        "name": "UISharedSpacesShareTutorial3",
        "page_number": 7,
        "scale": 11,
        "type": "image",
        "x": 6,
        "y": 4
    },
    {
        "group_id": 1953407107,
        "group_name": "howtoplay_shared_space",
        "page_number": 8,
        "scale": 9,
        "title_id": "howtoplay_sharedspaces_5_tutorial_4",
        "type": "paragraph",
        "x": 0,
        "y": 4
    },
    {
        "group_id": 1953407107,
        "group_name": "howtoplay_shared_space",
        "name": "UISharedSpacesShareTutorial4",
        "page_number": 8,
        "scale": 11,
        "type": "image",
        "x": 6,
        "y": 8
    },
    {
        "group_id": 4165102857,
        "group_name": "howtoplay_event",
        "page_number": 1,
        "scale": 9,
        "text_id1": "howtoplay_event_title",
        "title_id": "",
        "type": "paragraph",
        "x": 0,
        "y": 11
    },
    {
        "group_id": 4165102857,
        "group_name": "howtoplay_event",
        "name": "UiMenuEventCurrencyMusic",
        "page_number": 1,
        "scale": 9,
        "type": "image",
        "x": 6,
        "y": 8
    },
    {
        "group_id": 4165102857,
        "group_name": "howtoplay_event",
        "page_number": 2,
        "scale": 9,
        "text_id1": "howtoplay_event_1",
        "title_id": "",
        "type": "paragraph",
        "x": 0,
        "y": 10
    },
    {
        "group_id": 4165102857,
        "group_name": "howtoplay_event",
        "name": "UITutorialEventCurrency",
        "page_number": 2,
        "scale": 6,
        "type": "image",
        "x": 6,
        "y": 3
    },
    {
        "group_id": 4165102857,
        "group_name": "howtoplay_event",
        "page_number": 3,
        "scale": 9,
        "text_id1": "howtoplay_event_2",
        "title_id": "",
        "type": "paragraph",
        "x": 0,
        "y": 5
    },
    {
        "group_id": 4165102857,
        "group_name": "howtoplay_event",
        "name": "UiMenuEventCurrencyColor",
        "page_number": 3,
        "scale": 6,
        "type": "image",
        "x": 6,
        "y": 8
    },
    {
        "group_id": 2381130641,
        "group_name": "howtoplay_basics_v2",
        "page_number": 1,
        "scale": 9,
        "title_id": "howtoplay_basics_v2_0_title",
        "type": "paragraph",
        "x": 0,
        "y": 12
    },
    {
        "group_id": 2381130641,
        "group_name": "howtoplay_basics_v2",
        "page_number": 1,
        "scale": 9,
        "text_id1": "howtoplay_basics_v2_1",
        "title_id": "howtoplay_basics_v2_1_title",
        "type": "paragraph",
        "x": 0,
        "y": 10
    },
    {
        "group_id": 2381130641,
        "group_name": "howtoplay_basics_v2",
        "name": "UITutorialUnravelMystery",
        "page_number": 1,
        "scale": 11,
        "type": "image",
        "x": 6,
        "y": 4
    },
    {
        "group_id": 2381130641,
        "group_name": "howtoplay_basics_v2",
        "page_number": 2,
        "scale": 9,
        "text_id1": "howtoplay_basics_v2_2",
        "title_id": "howtoplay_basics_v2_2_title",
        "type": "paragraph",
        "x": 0,
        "y": 4
    },
    {
        "group_id": 2381130641,
        "group_name": "howtoplay_basics_v2",
        "name": "UITutorialSaveSpirits",
        "page_number": 2,
        "scale": 11,
        "type": "image",
        "x": 6,
        "y": 8
    },
    {
        "group_id": 2381130641,
        "group_name": "howtoplay_basics_v2",
        "page_number": 3,
        "scale": 9,
        "text_id1": "howtoplay_basics_v2_3",
        "title_id": "howtoplay_basics_v2_3_title",
        "type": "paragraph",
        "x": 0,
        "y": 10
    },
    {
        "group_id": 2381130641,
        "group_name": "howtoplay_basics_v2",
        "name": "UITutorialAscendFriendship",
        "page_number": 3,
        "scale": 11,
        "type": "image",
        "x": 6,
        "y": 4
    },
    {
        "group_id": 2381130641,
        "group_name": "howtoplay_basics_v2",
        "page_number": 4,
        "scale": 9,
        "text_id1": "howtoplay_basics_v2_4",
        "title_id": "howtoplay_basics_v2_4_title",
        "type": "paragraph",
        "x": 0,
        "y": 4
    },
    {
        "group_id": 2381130641,
        "group_name": "howtoplay_basics_v2",
        "name": "UITutorialShowAppreciation",
        "page_number": 4,
        "scale": 11,
        "type": "image",
        "x": 6,
        "y": 8
    },
    {
        "group_id": 2381130641,
        "group_name": "howtoplay_basics_v2",
        "page_number": 5,
        "scale": 9,
        "text_id1": "howtoplay_basics_v2_5",
        "title_id": "howtoplay_basics_v2_5_title",
        "type": "paragraph",
        "x": 0,
        "y": 10
    },
    {
        "group_id": 2381130641,
        "group_name": "howtoplay_basics_v2",
        "name": "UITutorialBetterTogether",
        "page_number": 5,
        "scale": 11,
        "type": "image",
        "x": 6,
        "y": 4
    },
    {
        "group_id": 2381130641,
        "group_name": "howtoplay_basics_v2",
        "page_number": 6,
        "scale": 9,
        "text_id1": "howtoplay_basics_v2_6",
        "title_id": "howtoplay_basics_v2_6_title",
        "type": "paragraph",
        "x": 0,
        "y": 4
    },
    {
        "group_id": 2381130641,
        "group_name": "howtoplay_basics_v2",
        "name": "UITutorialAscendToStorm",
        "page_number": 6,
        "scale": 11,
        "type": "image",
        "x": 6,
        "y": 8
    }
]