[
    {
        "distribution": [
            "red_55%",
            "yellow_30%",
            "white_5%",
            "wax_10%"
        ],
        "event": "quest_ap25_fetch_01",
        "id": 0,
        "large_per_day": 6.0,
        "level": "Prairie_NestAndKeeper",
        "medium_per_day": 25.0,
        "replace": false,
        "small_per_day": 180.0
    },
    {
        "distribution": [
            "red_55%",
            "yellow_30%",
            "white_5%",
            "wax_10%"
        ],
        "event": "quest_ap25_fetch_01",
        "id": 1,
        "large_per_day": 25.0,
        "level": "Prairie_Island",
        "medium_per_day": 100.0,
        "replace": false,
        "small_per_day": 0.0
    },
    {
        "distribution": [
            "red_18%",
            "yellow_8%",
            "green_18%",
            "cyan_8%",
            "blue_18%",
            "magenta_8%",
            "white_5%",
            "black_5%",
            "wax_12%"
        ],
        "event": "quest_ap25_fetch_04",
        "id": 10,
        "large_per_day": 0.0,
        "level": "Skyway",
        "medium_per_day": 52.0,
        "replace": false,
        "small_per_day": 240.0
    },
    {
        "distribution": [
            "red_27%",
            "yellow_13%",
            "green_27%",
            "cyan_13%",
            "white_10%",
            "wax_10%"
        ],
        "event": "quest_ap25_fetch_03",
        "id": 11,
        "large_per_day": 2.0,
        "level": "SunsetEnd2",
        "medium_per_day": 24.0,
        "replace": false,
        "small_per_day": 180.0
    },
    {
        "distribution": [
            "red_27%",
            "yellow_13%",
            "green_27%",
            "cyan_13%",
            "white_10%",
            "wax_10%"
        ],
        "event": "quest_ap25_fetch_03",
        "id": 12,
        "large_per_day": 4.0,
        "level": "Sunset_Citadel",
        "medium_per_day": 35.0,
        "replace": false,
        "small_per_day": 150.0
    },
    {
        "distribution": [
            "blue_55%",
            "magenta_30%",
            "black_5%",
            "wax_10%"
        ],
        "event": "quest_ap25_fetch_03",
        "id": 13,
        "large_per_day": 24.0,
        "level": "Dusk",
        "medium_per_day": 50.0,
        "replace": false,
        "small_per_day": 75.0
    },
    {
        "distribution": [
            "blue_55%",
            "magenta_30%",
            "black_5%",
            "wax_10%"
        ],
        "event": "quest_ap25_fetch_03",
        "id": 14,
        "large_per_day": 24.0,
        "level": "DuskMid",
        "medium_per_day": 50.0,
        "replace": false,
        "small_per_day": 75.0
    },
    {
        "distribution": [
            "blue_55%",
            "magenta_30%",
            "black_5%",
            "wax_10%"
        ],
        "event": "quest_ap25_fetch_03",
        "id": 15,
        "large_per_day": 26.0,
        "level": "DuskGraveyard",
        "medium_per_day": 52.0,
        "replace": false,
        "small_per_day": 75.0
    },
    {
        "distribution": [
            "blue_55%",
            "magenta_30%",
            "black_5%",
            "wax_10%"
        ],
        "event": "quest_ap25_fetch_03",
        "id": 16,
        "large_per_day": 26.0,
        "level": "Dusk_CrabField",
        "medium_per_day": 52.0,
        "replace": false,
        "small_per_day": 75.0
    },
    {
        "distribution": [
            "blue_55%",
            "magenta_30%",
            "black_5%",
            "wax_10%"
        ],
        "event": "quest_ap25_fetch_03",
        "id": 17,
        "large_per_day": 26.0,
        "level": "Dusk_Triangle",
        "medium_per_day": 52.0,
        "replace": false,
        "small_per_day": 75.0
    },
    {
        "distribution": [
            "blue_55%",
            "magenta_30%",
            "black_5%",
            "wax_10%"
        ],
        "event": "quest_ap25_fetch_03",
        "id": 18,
        "large_per_day": 26.0,
        "level": "DuskOasis",
        "medium_per_day": 52.0,
        "replace": false,
        "small_per_day": 75.0
    },
    {
        "distribution": [
            "blue_55%",
            "magenta_30%",
            "black_5%",
            "wax_10%"
        ],
        "event": "quest_ap25_fetch_04",
        "id": 19,
        "large_per_day": 4.0,
        "level": "NightArchive",
        "medium_per_day": 35.0,
        "replace": false,
        "small_per_day": 150.0
    },
    {
        "distribution": [
            "red_55%",
            "yellow_30%",
            "white_5%",
            "wax_10%"
        ],
        "event": "quest_ap25_fetch_01",
        "id": 2,
        "large_per_day": 6.0,
        "level": "Prairie_Cave",
        "medium_per_day": 46.0,
        "replace": false,
        "small_per_day": 130.0
    },
    {
        "distribution": [
            "red_55%",
            "black_15%",
            "wax_30%"
        ],
        "event": "quest_ap25_fetch_04",
        "id": 20,
        "large_per_day": 14.0,
        "level": "StormStart",
        "medium_per_day": 50.0,
        "replace": false,
        "small_per_day": 100.0
    },
    {
        "distribution": [
            "red_50%",
            "black_20%",
            "wax_30%"
        ],
        "event": "quest_ap25_fetch_04",
        "id": 21,
        "large_per_day": 14.0,
        "level": "Storm",
        "medium_per_day": 50.0,
        "replace": false,
        "small_per_day": 100.0
    },
    {
        "distribution": [
            "blue_55%",
            "magenta_30%",
            "black_5%",
            "wax_10%"
        ],
        "event": "color_flip",
        "id": 22,
        "large_per_day": 6.0,
        "level": "Prairie_NestAndKeeper",
        "medium_per_day": 24.0,
        "replace": true,
        "small_per_day": 180.0
    },
    {
        "distribution": [
            "blue_40%",
            "cyan_40%",
            "black_20%"
        ],
        "event": "",
        "id": 23,
        "large_per_day": 24.0,
        "level": "Weslandia",
        "medium_per_day": 48.0,
        "replace": false,
        "small_per_day": 120.0
    },
    {
        "distribution": [
            "red_14%",
            "yellow_12%",
            "green_15%",
            "cyan_12%",
            "blue_15%",
            "magenta_12%",
            "white_10%",
            "black_10%",
            "wax_0%"
        ],
        "event": "global_rainbow",
        "id": 24,
        "large_per_day": 0.0,
        "level": "DayHubCave",
        "medium_per_day": 52.0,
        "replace": false,
        "small_per_day": 240.0
    },
    {
        "distribution": [
            "red_55%",
            "yellow_30%",
            "white_5%",
            "wax_10%"
        ],
        "event": "color_super_bloom",
        "id": 25,
        "large_per_day": 72.0,
        "level": "Prairie_NestAndKeeper",
        "medium_per_day": 0.0,
        "replace": false,
        "small_per_day": 0.0
    },
    {
        "distribution": [
            "red_55%",
            "yellow_30%",
            "white_5%",
            "wax_10%"
        ],
        "event": "color_super_bloom",
        "id": 26,
        "large_per_day": 72.0,
        "level": "Prairie_Island",
        "medium_per_day": 0.0,
        "replace": false,
        "small_per_day": 0.0
    },
    {
        "distribution": [
            "red_55%",
            "yellow_30%",
            "white_5%",
            "wax_10%"
        ],
        "event": "color_super_bloom",
        "id": 27,
        "large_per_day": 72.0,
        "level": "Prairie_Cave",
        "medium_per_day": 0.0,
        "replace": false,
        "small_per_day": 0.0
    },
    {
        "distribution": [
            "red_55%",
            "yellow_30%",
            "white_5%",
            "wax_10%"
        ],
        "event": "color_super_bloom",
        "id": 28,
        "large_per_day": 72.0,
        "level": "Prairie_Village",
        "medium_per_day": 0.0,
        "replace": false,
        "small_per_day": 0.0
    },
    {
        "distribution": [
            "red_45%",
            "yellow_30%",
            "white_15%",
            "wax_10%"
        ],
        "event": "color_super_bloom",
        "id": 29,
        "large_per_day": 72.0,
        "level": "Prairie_WildLifePark",
        "medium_per_day": 0.0,
        "replace": false,
        "small_per_day": 0.0
    },
    {
        "distribution": [
            "red_55%",
            "yellow_30%",
            "white_5%",
            "wax_10%"
        ],
        "event": "quest_ap25_fetch_01",
        "id": 3,
        "large_per_day": 12.0,
        "level": "Prairie_Village",
        "medium_per_day": 44.0,
        "replace": false,
        "small_per_day": 200.0
    },
    {
        "distribution": [
            "green_55%",
            "cyan_30%",
            "white_5%",
            "wax_10%"
        ],
        "event": "color_super_bloom",
        "id": 30,
        "large_per_day": 72.0,
        "level": "Rain",
        "medium_per_day": 0.0,
        "replace": false,
        "small_per_day": 0.0
    },
    {
        "distribution": [
            "green_55%",
            "cyan_30%",
            "white_5%",
            "wax_10%"
        ],
        "event": "color_super_bloom",
        "id": 31,
        "large_per_day": 72.0,
        "level": "RainForest",
        "medium_per_day": 0.0,
        "replace": false,
        "small_per_day": 0.0
    },
    {
        "distribution": [
            "green_55%",
            "cyan_30%",
            "white_5%",
            "wax_10%"
        ],
        "event": "color_super_bloom",
        "id": 32,
        "large_per_day": 72.0,
        "level": "RainMid",
        "medium_per_day": 0.0,
        "replace": false,
        "small_per_day": 0.0
    },
    {
        "distribution": [
            "green_55%",
            "cyan_30%",
            "white_5%",
            "wax_10%"
        ],
        "event": "color_super_bloom",
        "id": 33,
        "large_per_day": 72.0,
        "level": "RainShelter",
        "medium_per_day": 0.0,
        "replace": false,
        "small_per_day": 0.0
    },
    {
        "distribution": [
            "green_55%",
            "cyan_30%",
            "white_5%",
            "wax_10%"
        ],
        "event": "color_super_bloom",
        "id": 34,
        "large_per_day": 72.0,
        "level": "Rain_Cave",
        "medium_per_day": 0.0,
        "replace": false,
        "small_per_day": 0.0
    },
    {
        "distribution": [
            "red_18%",
            "yellow_8%",
            "green_18%",
            "cyan_8%",
            "blue_18%",
            "magenta_8%",
            "white_5%",
            "black_5%",
            "wax_12%"
        ],
        "event": "color_super_bloom",
        "id": 35,
        "large_per_day": 72.0,
        "level": "Skyway",
        "medium_per_day": 0.0,
        "replace": false,
        "small_per_day": 0.0
    },
    {
        "distribution": [
            "red_27%",
            "yellow_13%",
            "green_27%",
            "cyan_13%",
            "white_10%",
            "wax_10%"
        ],
        "event": "color_super_bloom",
        "id": 36,
        "large_per_day": 72.0,
        "level": "SunsetEnd2",
        "medium_per_day": 0.0,
        "replace": false,
        "small_per_day": 0.0
    },
    {
        "distribution": [
            "red_27%",
            "yellow_13%",
            "green_27%",
            "cyan_13%",
            "white_10%",
            "wax_10%"
        ],
        "event": "color_super_bloom",
        "id": 37,
        "large_per_day": 72.0,
        "level": "Sunset_Citadel",
        "medium_per_day": 0.0,
        "replace": false,
        "small_per_day": 0.0
    },
    {
        "distribution": [
            "blue_55%",
            "magenta_30%",
            "black_5%",
            "wax_10%"
        ],
        "event": "color_super_bloom",
        "id": 38,
        "large_per_day": 72.0,
        "level": "Dusk",
        "medium_per_day": 0.0,
        "replace": false,
        "small_per_day": 0.0
    },
    {
        "distribution": [
            "blue_55%",
            "magenta_30%",
            "black_5%",
            "wax_10%"
        ],
        "event": "color_super_bloom",
        "id": 39,
        "large_per_day": 72.0,
        "level": "DuskMid",
        "medium_per_day": 0.0,
        "replace": false,
        "small_per_day": 0.0
    },
    {
        "distribution": [
            "red_45%",
            "yellow_30%",
            "white_15%",
            "wax_10%"
        ],
        "event": "quest_ap25_fetch_01",
        "id": 4,
        "large_per_day": 24.0,
        "level": "Prairie_WildLifePark",
        "medium_per_day": 100.0,
        "replace": false,
        "small_per_day": 0.0
    },
    {
        "distribution": [
            "blue_55%",
            "magenta_30%",
            "black_5%",
            "wax_10%"
        ],
        "event": "color_super_bloom",
        "id": 40,
        "large_per_day": 72.0,
        "level": "DuskGraveyard",
        "medium_per_day": 0.0,
        "replace": false,
        "small_per_day": 0.0
    },
    {
        "distribution": [
            "blue_55%",
            "magenta_30%",
            "black_5%",
            "wax_10%"
        ],
        "event": "color_super_bloom",
        "id": 41,
        "large_per_day": 72.0,
        "level": "Dusk_CrabField",
        "medium_per_day": 0.0,
        "replace": false,
        "small_per_day": 0.0
    },
    {
        "distribution": [
            "blue_55%",
            "magenta_30%",
            "black_5%",
            "wax_10%"
        ],
        "event": "color_super_bloom",
        "id": 42,
        "large_per_day": 72.0,
        "level": "Dusk_Triangle",
        "medium_per_day": 0.0,
        "replace": false,
        "small_per_day": 0.0
    },
    {
        "distribution": [
            "blue_55%",
            "magenta_30%",
            "black_5%",
            "wax_10%"
        ],
        "event": "color_super_bloom",
        "id": 43,
        "large_per_day": 72.0,
        "level": "DuskOasis",
        "medium_per_day": 0.0,
        "replace": false,
        "small_per_day": 0.0
    },
    {
        "distribution": [
            "blue_55%",
            "magenta_30%",
            "black_5%",
            "wax_10%"
        ],
        "event": "color_super_bloom",
        "id": 44,
        "large_per_day": 72.0,
        "level": "NightArchive",
        "medium_per_day": 0.0,
        "replace": false,
        "small_per_day": 0.0
    },
    {
        "distribution": [
            "red_55%",
            "black_15%",
            "wax_30%"
        ],
        "event": "color_super_bloom",
        "id": 45,
        "large_per_day": 72.0,
        "level": "StormStart",
        "medium_per_day": 0.0,
        "replace": false,
        "small_per_day": 0.0
    },
    {
        "distribution": [
            "red_50%",
            "black_20%",
            "wax_30%"
        ],
        "event": "color_super_bloom",
        "id": 46,
        "large_per_day": 72.0,
        "level": "Storm",
        "medium_per_day": 0.0,
        "replace": false,
        "small_per_day": 0.0
    },
    {
        "distribution": [
            "green_55%",
            "cyan_30%",
            "white_5%",
            "wax_10%"
        ],
        "event": "quest_ap25_fetch_02",
        "id": 5,
        "large_per_day": 8.0,
        "level": "Rain",
        "medium_per_day": 35.0,
        "replace": false,
        "small_per_day": 180.0
    },
    {
        "distribution": [
            "green_55%",
            "cyan_30%",
            "white_5%",
            "wax_10%"
        ],
        "event": "quest_ap25_fetch_02",
        "id": 6,
        "large_per_day": 4.0,
        "level": "RainForest",
        "medium_per_day": 55.0,
        "replace": false,
        "small_per_day": 240.0
    },
    {
        "distribution": [
            "green_55%",
            "cyan_30%",
            "white_5%",
            "wax_10%"
        ],
        "event": "quest_ap25_fetch_02",
        "id": 7,
        "large_per_day": 0.0,
        "level": "RainMid",
        "medium_per_day": 60.0,
        "replace": false,
        "small_per_day": 260.0
    },
    {
        "distribution": [
            "green_55%",
            "cyan_30%",
            "white_5%",
            "wax_10%"
        ],
        "event": "quest_ap25_fetch_02",
        "id": 8,
        "large_per_day": 9.0,
        "level": "RainShelter",
        "medium_per_day": 50.0,
        "replace": false,
        "small_per_day": 190.0
    },
    {
        "distribution": [
            "green_55%",
            "cyan_30%",
            "white_5%",
            "wax_10%"
        ],
        "event": "quest_ap25_fetch_02",
        "id": 9,
        "large_per_day": 25.0,
        "level": "Rain_Cave",
        "medium_per_day": 50.0,
        "replace": false,
        "small_per_day": 60.0
    }
]