[
    {
        "activity_group": "player_interaction",
        "trust_activity": "player_chat",
        "trust_delta": 10.0,
        "type": "player"
    },
    {
        "activity_group": "player_gift",
        "trust_activity": "player_heart_gift",
        "trust_delta": 10.0,
        "type": "player"
    },
    {
        "activity_group": "player_interaction",
        "trust_activity": "player_proximity",
        "trust_delta": 10.0,
        "type": "player"
    },
    {
        "activity_group": "player_unlock",
        "trust_activity": "player_unlock",
        "trust_delta": 10.0,
        "type": "player"
    },
    {
        "activity_group": "spirit_quest_complete",
        "trust_activity": "spirit_dailyquest",
        "trust_delta": 10.0,
        "type": "spirit"
    },
    {
        "activity_group": "spirit_unlock",
        "trust_activity": "spirit_unlock_heart",
        "trust_delta": 10.0,
        "type": "spirit"
    },
    {
        "activity_group": "spirit_unlock",
        "trust_activity": "spirit_unlock_outfit",
        "trust_delta": 10.0,
        "type": "spirit"
    }
]