[
    {
        "activity_group": "player_gift",
        "category": "immediate",
        "max": -1.0,
        "multiplier": 1.0
    },
    {
        "activity_group": "player_interaction",
        "category": "daily",
        "max": 100.0,
        "multiplier": 0.5
    },
    {
        "activity_group": "player_unlock",
        "category": "immediate",
        "max": -1.0,
        "multiplier": 1.0
    },
    {
        "activity_group": "spirit_interaction",
        "category": "daily",
        "max": 100.0,
        "multiplier": 1.0
    },
    {
        "activity_group": "spirit_quest_complete",
        "category": "immediate",
        "max": -1.0,
        "multiplier": 1.0
    }
]